{"Ethereum":{"layer2":{"arbitrum":18.510650640812518,"optimism":6.442330558416,"zkSync":0.5845260939826384,"dYdX":6.116501865958581,"loopring":1.7321095111212783,"immutableX":0.626614541139632,"deversiFi":0.2736489684890618,"sorare":0.18812095569859671,"aztec":0.049429110817790216,"OMG":0.030178210120780435,"starknet":0.006208021101145019,"polygonHermez":0.0029805502351882398,"metisAndromeda":0.9157001750848449,"bobaNetwork":0.43121781211447835,"ZKSpace":0.3581052588364413},"sidechain":{"polygon":33.86091283202117,"ronin":0.0055194791211805915,"gnosisChain":2.0065542381889814},"alt_l1":{"avalanche":12.881717009484165,"solana":4.000645350458744,"near":4.074747367210035,"fantom":6.1548551213752,"moonriver":0.7467263282115445}},"totalValueBridgedFromEthereum":10036967528.390505}