{"layer2":{"optimism":501655967.9037689,"arbitrum":1824774090.1076446},"sidechain":{},"alt_l1":{}}