{
  "Ethereum": {
    "layer2": {
      "arbitrum": 1864052407.653842,
      "optimism": 645141534.3352842,
      "zkSync": 58963786.987745486,
      "dYdX": 613853748.321059,
      "loopring": 182184630.53941837,
      "immutableX": 63182674.0478162,
      "deversiFi": 27564728.183055475,
      "sorare": 19054808.90506723,
      "aztec": 4977920.619863593,
      "OMG": 3029158.1760165445,
      "starknet": 627475.9270024644,
      "polygonHermez": 300481.3440552662,
      "metisAndromeda": 92302599.66923016,
      "bobaNetwork": 43718462.20022337,
      "ZKSpace": 36024729.78606436
    },
    "sidechain": { "polygon": 3407042240.1597724, "ronin": 558829.1624750758, "gnosisChain": 201421888.20992935 },
    "alt_l1": {
      "avalanche": 1295484469.1436658,
      "solana": 403554262.7538583,
      "near": 408001990.40260816,
      "fantom": 612217896.9714507,
      "moonriver": 76038334.62054755
    }
  }
}
