{"Ethereum":{"layer2":{"arbitrum":1855109430.602241,"optimism":646273252.6611059,"zkSync":58614483.44570308,"dYdX":613533505.14431,"loopring":173821547.08601046,"immutableX":63655357.698145114,"deversiFi":27464378.74114421,"sorare":18825231.475119587,"aztec":4950100.933928354,"OMG":3028923.05799428,"starknet":621742.0821321699,"polygonHermez":299041.4487894291,"metisAndromeda":91760233.7782529,"bobaNetwork":42989278.395832464,"ZKSpace":35935929.969332255},"sidechain":{"polygon":3386802065.9640083,"ronin":552527.2837491987,"gnosisChain":201111853.38626048},"alt_l1":{"avalanche":1291824719.5724502,"solana":401717807.9382722,"near":409082200.7614021,"fantom":617691870.0157282,"moonriver":74961752.06582898}}}