{"Ethereum":{"layer2":{"arbitrum":1857907994.1121614,"optimism":646614626.2197926,"zkSync":58668694.24800679,"dYdX":613911306.159662,"loopring":173851269.18740624,"immutableX":62893098.02235803,"deversiFi":27466058.109022696,"sorare":18881639.23756604,"aztec":4961183.802353762,"OMG":3028977.1504721893,"starknet":623097.0620775563,"polygonHermez":299156.85927321046,"metisAndromeda":91908529.23068088,"bobaNetwork":43281191.77856617,"ZKSpace":35942908.54687238},"sidechain":{"polygon":3398608825.7665787,"ronin":553988.3271291896,"gnosisChain":201397197.32657152},"alt_l1":{"avalanche":1292933753.341082,"solana":401543474.7516086,"near":408981070.11081827,"fantom":617760809.9519088,"moonriver":74948679.08853543}}}