{
  "Ethereum": {
    "layer2": {
      "arbitrum": 1908625153.9210486,
      "optimism": 623431743.4189138,
      "zkSync": 60500846.941902295,
      "dYdX": 668275240.330457,
      "loopring": 172059443.364578,
      "immutableX": 49468723.13476582,
      "deversiFi": 27034261.510872222,
      "sorare": 17615751.877724823,
      "aztec": 5306294.687434813,
      "OMG": 3029948.063797089,
      "starknet": 588201.0972723778,
      "polygonHermez": 302069.2380901773,
      "metisAndromeda": 103639093.51772195,
      "bobaNetwork": 52185869.65662402,
      "ZKSpace": 36570540.009732954
    },
    "sidechain": {
      "polygon": 3397217364.9710126,
      "ronin": 842200873.3494412,
      "gnosisChain": 210715513.6109951
    },
    "alt_l1": {
      "avalanche": 1321399286.3667035,
      "solana": 440708249.6438658,
      "near": 429125244.78972703,
      "fantom": 671858080.2750322,
      "moonriver": 74722326.45713659
    }
  }
}
