{"Ethereum":{"layer2":{"arbitrum":1882343069.3400197,"optimism":634389488.0058788,"zkSync":59437798.17403756,"dYdX":667289806.439585,"loopring":168696495.63587913,"immutableX":51528235.562531054,"deversiFi":26880841.9377264,"sorare":17563470.312078867,"aztec":5153513.6025448805,"OMG":3029060.51654463,"starknet":587113.5760356241,"polygonHermez":299142.72546765825,"metisAndromeda":97631758.6548965,"bobaNetwork":53884707.126785405,"ZKSpace":35833454.934672885},"sidechain":{"polygon":3406374113.338485,"ronin":553879.8699570668,"gnosisChain":209656289.5807386},"alt_l1":{"avalanche":1308273180.449178,"solana":402209216.05118144,"near":410981918.4337317,"fantom":662806482.6155751,"moonriver":73648551.35249518}}}