{
  "ETH": 23,
  "UNI": 18,
  "LINK": 467099970.5305637,
  "BNB": 163276974.63,
  "USDT": 66081540012.394264,
  "USDC": 55802605112.71548,
  "BUSD": 17547224379.459255,
  "DAI": 6907716957.108782
}
