{"LINK":467099970.5305637,"BNB":163276974.63,"USDT":66081540012.394264,"USDC":55802605112.71548,"BUSD":17547224379.459255,"DAI":6907716957.108782,"SHIB":549063278876301.94,"THETA":1000000000.0000001,"WBTC":260488.72002186,"MATIC":8006803852.62,"OKB":60000000,"CRO":25263013692,"XCN":708506519.70911,"FRAX":1366324118.47178,"MANA":1849216540.8482091,"GALA":6977205435.999999,"TUSD":1211967571.4673042,"KCS":98379860.95,"AAVE":13915773.71868821,"QNT":12072738,"GRT":6900000000,"HT":154409022.25441208,"BAT":1497691558.0663347,"FTM":2545006273,"PAXG":333660.582,"CHZ":6000378770.547273,"ZIL":13006779016.174446,"LRC":1330088529.837908,"ENJ":895399955.567558,"AMP":42227702186,"CEL":238863519.826,"UNI":734135450.7457277,"NEXO":560000011,"1INCH":558875959.2546088,"XDCE":12305012698.749998,"COMP":7157897.95811505,"GNO":2579588,"SRM":263244669,"LDO":312951153.95865756,"IOTX":9540779324.30788,"NXM":6514822.66975694,"ZRX":847496054.8027713,"OMG":140245398.24513277,"IOST":18588745668,"CEEK":803717779.245471,"WAX":2106629410.326683,"YFI":36637.72122588,"DYDX":65569295,"SXP":489867431.56211156,"CHSB":1000000000,"MXC":2642132373,"RPL":10279742.404181,"LPT":24126246.39634766,"SUSHI":127244442.99999999,"ENS":20244862.09054775,"UMA":67110738.61150387,"POLY":898760829.67,"GUSD":168519882.79,"BAL":40808048.65700605,"KNC":0,"RNDR":253798859.69384697,"RSR":18451655211,"EURS":124125940,"ORBS":2876767038.89,"SNT":3470483788,"HUSD":200875302.62095827,"CET":708633582.211935,"KEEP":793457834.6788684,"OXT":690690083.7746798,"DAWN":73464266.09522189,"NKN":700000000,"ANT":39609522.80952381}