{
  "ethereum": {
    "ethereum": {
      "chainTokenMcapUSD": 204765858432,
      "chainTokenMcapRatio (%)": 25.377107898067937,
      "ecosystemValueUSD": 255701098484,
      "ecosystemValueRatio (%)": 78.66812696126942,
      "bridgedFromEthUSD": "noCalc",
      "bridgedFromEthRatio (%)": null,
      "combinedUSD": 460466956916,
      "combinedRatio (%)": 40.652453299652294
    }
  },
  "layer2": {
    "arbitrum": {
      "chainTokenMcapUSD": "none",
      "chainTokenMcapRatio (%)": null,
      "ecosystemValueUSD": 2362172415,
      "ecosystemValueRatio (%)": 0.7267379004210895,
      "bridgedFromEthUSD": 1864052407.653842,
      "bridgedFromEthRatio (%)": 18.530639131850286,
      "combinedUSD": 2362172415,
      "combinedRatio (%)": 0.2085450483345587
    },
    "optimism": {
      "chainTokenMcapUSD": 403431369,
      "chainTokenMcapRatio (%)": 0.04999818553237056,
      "ecosystemValueUSD": 1111094055,
      "ecosystemValueRatio (%)": 0.3418354035351203,
      "bridgedFromEthUSD": 645141534.3352842,
      "bridgedFromEthRatio (%)": 6.413384576875803,
      "combinedUSD": 1514525424,
      "combinedRatio (%)": 0.1337102980910045
    },
    "zkSync": {
      "chainTokenMcapUSD": "none",
      "chainTokenMcapRatio (%)": null,
      "ecosystemValueUSD": "none",
      "ecosystemValueRatio (%)": null,
      "bridgedFromEthUSD": 58963786.987745486,
      "bridgedFromEthRatio (%)": 0.5861619845186811,
      "combinedUSD": 58963786.987745486,
      "combinedRatio (%)": 0.005205634325954994
    },
    "dYdX": {
      "chainTokenMcapUSD": 273109545,
      "chainTokenMcapRatio (%)": 0.033847099533728386,
      "ecosystemValueUSD": "none",
      "ecosystemValueRatio (%)": null,
      "bridgedFromEthUSD": 613853748.321059,
      "bridgedFromEthRatio (%)": 6.102351115861745,
      "combinedUSD": 886963293.321059,
      "combinedRatio (%)": 0.07830580092377365
    },
    "loopring": {
      "chainTokenMcapUSD": 593333966,
      "chainTokenMcapRatio (%)": 0.07353325495798331,
      "ecosystemValueUSD": "noCalc",
      "ecosystemValueRatio (%)": null,
      "bridgedFromEthUSD": 182184630.53941837,
      "bridgedFromEthRatio (%)": 1.8111066137590928,
      "combinedUSD": 593333966,
      "combinedRatio (%)": 0.05238265413323159
    },
    "immutableX": {
      "chainTokenMcapUSD": 271046474,
      "chainTokenMcapRatio (%)": 0.03359141835831524,
      "ecosystemValueUSD": "noCalc",
      "ecosystemValueRatio (%)": null,
      "bridgedFromEthUSD": 63182674.0478162,
      "bridgedFromEthRatio (%)": 0.6281021538654225,
      "combinedUSD": 271046474,
      "combinedRatio (%)": 0.023929413307132243
    },
    "deversiFi": {
      "chainTokenMcapUSD": 13693971,
      "chainTokenMcapRatio (%)": 0.0016971255964305094,
      "ecosystemValueUSD": "noCalc",
      "ecosystemValueRatio (%)": null,
      "bridgedFromEthUSD": 27564728.183055475,
      "bridgedFromEthRatio (%)": 0.27402235507457867,
      "combinedUSD": 41258699.183055475,
      "combinedRatio (%)": 0.003642535727160848
    },
    "sorare": {
      "chainTokenMcapUSD": "none",
      "chainTokenMcapRatio (%)": null,
      "ecosystemValueUSD": "none",
      "ecosystemValueRatio (%)": null,
      "bridgedFromEthUSD": 19054808.90506723,
      "bridgedFromEthRatio (%)": 0.18942481772311798,
      "combinedUSD": 19054808.90506723,
      "combinedRatio (%)": 0.001682259101359045
    },
    "aztec": {
      "chainTokenMcapUSD": "none",
      "chainTokenMcapRatio (%)": null,
      "ecosystemValueUSD": "none",
      "ecosystemValueRatio (%)": null,
      "bridgedFromEthUSD": 4977920.619863593,
      "bridgedFromEthRatio (%)": 0.04948576030101544,
      "combinedUSD": 4977920.619863593,
      "combinedRatio (%)": 0.00043947710577047335
    },
    "OMG": {
      "chainTokenMcapUSD": 328859912,
      "chainTokenMcapRatio (%)": 0.04075637185846859,
      "ecosystemValueUSD": "noCalc",
      "ecosystemValueRatio (%)": null,
      "bridgedFromEthUSD": 3029158.1760165445,
      "bridgedFromEthRatio (%)": 0.030113014420933754,
      "combinedUSD": 328859912,
      "combinedRatio (%)": 0.02903348875291083
    },
    "starknet": {
      "chainTokenMcapUSD": "none",
      "chainTokenMcapRatio (%)": null,
      "ecosystemValueUSD": "none",
      "ecosystemValueRatio (%)": null,
      "bridgedFromEthUSD": 627475.9270024644,
      "bridgedFromEthRatio (%)": 0.006237769882146553,
      "combinedUSD": 627475.9270024644,
      "combinedRatio (%)": 0.00005539688665168879
    },
    "polygonHermez": {
      "chainTokenMcapUSD": "none",
      "chainTokenMcapRatio (%)": null,
      "ecosystemValueUSD": "none",
      "ecosystemValueRatio (%)": null,
      "bridgedFromEthUSD": 300481.3440552662,
      "bridgedFromEthRatio (%)": 0.0029871002176112067,
      "combinedUSD": 300481.3440552662,
      "combinedRatio (%)": 0.000026528078992759996
    },
    "metisAndromeda": {
      "chainTokenMcapUSD": 190785695,
      "chainTokenMcapRatio (%)": 0.023644513809565122,
      "ecosystemValueUSD": "noCalc",
      "ecosystemValueRatio (%)": null,
      "bridgedFromEthUSD": 92302599.66923016,
      "bridgedFromEthRatio (%)": 0.9175848052228033,
      "combinedUSD": 190785695,
      "combinedRatio (%)": 0.01684356812088053
    },
    "bobaNetwork": {
      "chainTokenMcapUSD": 95938876,
      "chainTokenMcapRatio (%)": 0.011889927483589142,
      "ecosystemValueUSD": "noCalc",
      "ecosystemValueRatio (%)": null,
      "bridgedFromEthUSD": 43718462.20022337,
      "bridgedFromEthRatio (%)": 0.4346074408130159,
      "combinedUSD": 95938876,
      "combinedRatio (%)": 0.00846999033835692
    },
    "ZKSpace": {
      "chainTokenMcapUSD": "none",
      "chainTokenMcapRatio (%)": null,
      "ecosystemValueUSD": "none",
      "ecosystemValueRatio (%)": null,
      "bridgedFromEthUSD": 36024729.78606436,
      "bridgedFromEthRatio (%)": 0.35812365829788634,
      "combinedUSD": 36024729.78606436,
      "combinedRatio (%)": 0.0031804532839209403
    }
  },
  "sidechain": {
    "polygon": {
      "chainTokenMcapUSD": 6792671113,
      "chainTokenMcapRatio (%)": 0.8418314902234288,
      "ecosystemValueUSD": 5328411385,
      "ecosystemValueRatio (%)": 1.6393208547881253,
      "bridgedFromEthUSD": 3407042240.1597724,
      "bridgedFromEthRatio (%)": 33.8695789883048,
      "combinedUSD": 12121082498,
      "combinedRatio (%)": 1.0701131379576216
    },
    "ronin": {
      "chainTokenMcapUSD": "none",
      "chainTokenMcapRatio (%)": null,
      "ecosystemValueUSD": "none",
      "ecosystemValueRatio (%)": null,
      "bridgedFromEthUSD": 558829.1624750758,
      "bridgedFromEthRatio (%)": 0.005555348928849854,
      "combinedUSD": 558829.1624750758,
      "combinedRatio (%)": 0.00004933638796180999
    },
    "gnosisChain": {
      "chainTokenMcapUSD": 422335713,
      "chainTokenMcapRatio (%)": 0.05234104474290398,
      "ecosystemValueUSD": "noCalc",
      "ecosystemValueRatio (%)": null,
      "bridgedFromEthUSD": 201421888.20992935,
      "bridgedFromEthRatio (%)": 2.002345163874394,
      "combinedUSD": 422335713,
      "combinedRatio (%)": 0.03728602583016588
    }
  },
  "alt_l1": {
    "avalanche": {
      "chainTokenMcapUSD": 7911598144,
      "chainTokenMcapRatio (%)": 0.9805027131176569,
      "ecosystemValueUSD": 4278117382,
      "ecosystemValueRatio (%)": 1.3161909876716804,
      "bridgedFromEthUSD": 1295484469.1436658,
      "bridgedFromEthRatio (%)": 12.878476538560873,
      "combinedUSD": 12189715526,
      "combinedRatio (%)": 1.0761724239143613
    },
    "solana": {
      "chainTokenMcapUSD": 14189016995,
      "chainTokenMcapRatio (%)": 1.7584777951115866,
      "ecosystemValueUSD": 28981236211.884296,
      "ecosystemValueRatio (%)": 8.916268187067304,
      "bridgedFromEthUSD": 403554262.7538583,
      "bridgedFromEthRatio (%)": 4.011753308279486,
      "combinedUSD": 43170253206.88429,
      "combinedRatio (%)": 3.8112978055604048
    },
    "near": {
      "chainTokenMcapUSD": 3841423630,