{
  "ethereum": {
    "ethereum": {
      "chainTokenMcapUSD": 204765858432,
      "chainTokenMcapRatio (%)": 25.377107898067937,
      "ecosystemValueUSD": 255701098484,
      "ecosystemValueRatio (%)": 78.66812696126942,
      "bridgedFromEthUSD": "noCalc",
      "bridgedFromEthRatio (%)": null,
      "combinedUSD": 460466956916,
      "combinedRatio (%)": 40.65470606911657
    }
  },
  "layer2": {
    "arbitrum": {
      "chainTokenMcapUSD": "none",
      "chainTokenMcapRatio (%)": null,
      "ecosystemValueUSD": 2362172415,
      "ecosystemValueRatio (%)": 0.7267379004210895,
      "bridgedFromEthUSD": 2340108923.9271393,
      "bridgedFromEthRatio (%)": 19.863723603591733,
      "combinedUSD": 2362172415,
      "combinedRatio (%)": 0.20855660492902425
    },
    "optimism": {
      "chainTokenMcapUSD": 403431369,
      "chainTokenMcapRatio (%)": 0.04999818553237056,
      "ecosystemValueUSD": 1111094055,
      "ecosystemValueRatio (%)": 0.3418354035351203,
      "bridgedFromEthUSD": 1437771771.642085,
      "bridgedFromEthRatio (%)": 12.204346893826044,
      "combinedUSD": 1514525424,
      "combinedRatio (%)": 0.13371770769244673
    },
    "zkSync": {
      "chainTokenMcapUSD": "none",
      "chainTokenMcapRatio (%)": null,
      "ecosystemValueUSD": "none",
      "ecosystemValueRatio (%)": null,
      "bridgedFromEthUSD": 67519176.6274133,
      "bridgedFromEthRatio (%)": 0.5731281346589093,
      "combinedUSD": 67519176.6274133,
      "combinedRatio (%)": 0.005961279606686308
    },
    "dYdX": {
      "chainTokenMcapUSD": 273109545,
      "chainTokenMcapRatio (%)": 0.033847099533728386,
      "ecosystemValueUSD": "none",
      "ecosystemValueRatio (%)": null,
      "bridgedFromEthUSD": 523229344.755735,
      "bridgedFromEthRatio (%)": 4.441367228357243,
      "combinedUSD": 796338889.7557349,
      "combinedRatio (%)": 0.07030889623711256
    },
    "loopring": {
      "chainTokenMcapUSD": 593333966,
      "chainTokenMcapRatio (%)": 0.07353325495798331,
      "ecosystemValueUSD": "noCalc",
      "ecosystemValueRatio (%)": null,
      "bridgedFromEthUSD": 208517736.8452032,
      "bridgedFromEthRatio (%)": 1.7699768796183413,
      "combinedUSD": 593333966,
      "combinedRatio (%)": 0.052385556935746834
    },
    "immutableX": {
      "chainTokenMcapUSD": 271046474,
      "chainTokenMcapRatio (%)": 0.03359141835831524,
      "ecosystemValueUSD": "noCalc",
      "ecosystemValueRatio (%)": null,
      "bridgedFromEthUSD": 81825495.44677131,
      "bridgedFromEthRatio (%)": 0.6945655429380455,
      "combinedUSD": 271046474,
      "combinedRatio (%)": 0.023930739363673015
    },
    "deversiFi": {
      "chainTokenMcapUSD": 13693971,
      "chainTokenMcapRatio (%)": 0.0016971255964305094,
      "ecosystemValueUSD": "noCalc",
      "ecosystemValueRatio (%)": null,
      "bridgedFromEthUSD": 26649166.52174273,
      "bridgedFromEthRatio (%)": 0.2262081361433539,
      "combinedUSD": 40343137.52174273,
      "combinedRatio (%)": 0.003561902484463393
    },
    "sorare": {
      "chainTokenMcapUSD": "none",
      "chainTokenMcapRatio (%)": null,
      "ecosystemValueUSD": "none",
      "ecosystemValueRatio (%)": null,
      "bridgedFromEthUSD": 27496259.56780984,
      "bridgedFromEthRatio (%)": 0.23339858012720216,
      "combinedUSD": 27496259.56780984,
      "combinedRatio (%)": 0.0024276494413764545
    },
    "aztec": {
      "chainTokenMcapUSD": "none",
      "chainTokenMcapRatio (%)": null,
      "ecosystemValueUSD": "none",
      "ecosystemValueRatio (%)": null,
      "bridgedFromEthUSD": 4763592.188060281,
      "bridgedFromEthRatio (%)": 0.04043515992625833,
      "combinedUSD": 4763592.188060281,
      "combinedRatio (%)": 0.00042057836578718755
    },
    "OMG": {
      "chainTokenMcapUSD": 328859912,
      "chainTokenMcapRatio (%)": 0.04075637185846859,
      "ecosystemValueUSD": "noCalc",
      "ecosystemValueRatio (%)": null,
      "bridgedFromEthUSD": 3040271.6105696275,
      "bridgedFromEthRatio (%)": 0.025806967502544367,
      "combinedUSD": 328859912,
      "combinedRatio (%)": 0.029035097653520643
    },
    "starknet": {
      "chainTokenMcapUSD": "none",
      "chainTokenMcapRatio (%)": null,
      "ecosystemValueUSD": "none",
      "ecosystemValueRatio (%)": null,
      "bridgedFromEthUSD": 1188250.3675619268,
      "bridgedFromEthRatio (%)": 0.010086315483770744,
      "combinedUSD": 1188250.3675619268,
      "combinedRatio (%)": 0.00010491082737683254
    },
    "polygonHermez": {
      "chainTokenMcapUSD": "none",
      "chainTokenMcapRatio (%)": null,
      "ecosystemValueUSD": "none",
      "ecosystemValueRatio (%)": null,
      "bridgedFromEthUSD": 326103.2401682814,
      "bridgedFromEthRatio (%)": 0.0027680868025868523,
      "combinedUSD": 326103.2401682814,
      "combinedRatio (%)": 0.00002879171062788445
    },
    "metisAndromeda": {
      "chainTokenMcapUSD": 190785695,
      "chainTokenMcapRatio (%)": 0.023644513809565122,
      "ecosystemValueUSD": "noCalc",
      "ecosystemValueRatio (%)": null,
      "bridgedFromEthUSD": 167635359.01733875,
      "bridgedFromEthRatio (%)": 1.4229518992308936,
      "combinedUSD": 190785695,
      "combinedRatio (%)": 0.01684450151291108
    },
    "bobaNetwork": {
      "chainTokenMcapUSD": 95938876,
      "chainTokenMcapRatio (%)": 0.011889927483589142,
      "ecosystemValueUSD": "noCalc",
      "ecosystemValueRatio (%)": null,
      "bridgedFromEthUSD": 50434813.92016763,
      "bridgedFromEthRatio (%)": 0.42810964629267956,
      "combinedUSD": 95938876,
      "combinedRatio (%)": 0.008470459705739408
    },
    "ZKSpace": {
      "chainTokenMcapUSD": "none",
      "chainTokenMcapRatio (%)": null,
      "ecosystemValueUSD": "none",
      "ecosystemValueRatio (%)": null,
      "bridgedFromEthUSD": 47179914.78942813,
      "bridgedFromEthRatio (%)": 0.40048083977452903,
      "combinedUSD": 47179914.78942813,
      "combinedRatio (%)": 0.004165522714108822
    }
  },
  "sidechain": {
    "polygon": {
      "chainTokenMcapUSD": 6792671113,
      "chainTokenMcapRatio (%)": 0.8418314902234288,
      "ecosystemValueUSD": 5328411385,
      "ecosystemValueRatio (%)": 1.6393208547881253,
      "bridgedFromEthUSD": 4000550001.780584,
      "bridgedFromEthRatio (%)": 33.95817121382515,
      "combinedUSD": 12121082498,
      "combinedRatio (%)": 1.0701724386394955
    },
    "ronin": {
      "chainTokenMcapUSD": "none",
      "chainTokenMcapRatio (%)": null,
      "ecosystemValueUSD": "none",
      "ecosystemValueRatio (%)": null,
      "bridgedFromEthUSD": 809686.2612749225,
      "bridgedFromEthRatio (%)": 0.006872921142747365,
      "combinedUSD": 809686.2612749225,
      "combinedRatio (%)": 0.0000714873379423376
    },
    "gnosisChain": {
      "chainTokenMcapUSD": 422335713,
      "chainTokenMcapRatio (%)": 0.05234104474290398,
      "ecosystemValueUSD": "noCalc",
      "ecosystemValueRatio (%)": null,
      "bridgedFromEthUSD": 247748278.85615495,
      "bridgedFromEthRatio (%)": 2.1029804570829693,
      "combinedUSD": 422335713,
      "combinedRatio (%)": 0.03728809204791208
    }
  },
  "alt_l1": {
    "avalanche": {
      "chainTokenMcapUSD": 7911598144,
      "chainTokenMcapRatio (%)": 0.9805027131176569,
      "ecosystemValueUSD": 4278117382,
      "ecosystemValueRatio (%)": 1.3161909876716804,
      "bridgedFromEthUSD": 1169280664.7767437,
      "bridgedFromEthRatio (%)": 9.9252935205987,
      "combinedUSD": 12189715526,
      "combinedRatio (%)": 1.076232060373618
    },
    "solana": {
      "chainTokenMcapUSD": 14189016995,
      "chainTokenMcapRatio (%)": 1.7584777951115866,
      "ecosystemValueUSD": 28981236211.884296,
      "ecosystemValueRatio (%)": 8.916268187067304,
      "bridgedFromEthUSD": 509797540.8853644,
      "bridgedFromEthRatio (%)": 4.327353031474926,
      "combinedUSD": 43170253206.88429,
      "combinedRatio (%)": 3.8115090099187827
    },
    "near": {
      "chainTokenMcapUSD": 3841423630,