{
  "LINK": 467099970.5305637,
  "BNB": 163276974.63,
  "USDT": 66081540012.394264,
  "USDC": 55802605112.71548,
  "BUSD": 17547224379.459255,
  "DAI": 6907716957.108782,
  "SHIB": 549063278876301.94,
  "THETA": 1000000000.0000001,
  "WBTC": 260488.72002186,
  "MATIC": 8006803852.62,
  "OKB": 60000000,
  "CRO": 25263013692,
  "XCN": 708506519.70911,
  "FRAX": 1366324118.47178,
  "MANA": 1849216540.8482091,
  "GALA": 6977205435.999999,
  "TUSD": 1211967571.4673042,
  "KCS": 98379860.95,
  "AAVE": 13915773.71868821,
  "QNT": 12072738,
  "GRT": 6900000000,
  "HT": 154409022.25441208,
  "BAT": 1497691558.0663347,
  "FTM": 2545006273,
  "PAXG": 333660.582,
  "CHZ": 6000378770.547273,
  "ZIL": 13006779016.174446,
  "LRC": 1330088529.837908,
  "ENJ": 895399955.567558,
  "AMP": 42227702186,
  "CEL": 238863519.826,
  "UNI": 734135450.7457277,
  "NEXO": 560000011,
  "1INCH": 558875959.2546088,
  "XDCE": 12305012698.749998,
  "COMP": 7157897.95811505,
  "GNO": 2579588,
  "SRM": 263244669,
  "LDO": 312951153.95865756,
  "IOTX": 9540779324.30788,
  "NXM": 6514822.66975694,
  "ZRX": 847496054.8027713,
  "OMG": 140245398.24513277,
  "IOST": 18588745668,
  "CEEK": 803717779.245471,
  "WAX": 2106629410.326683,
  "YFI": 36637.72122588,
  "DYDX": 65569295,
  "SXP": 489867431.56211156,
  "CHSB": 1000000000,
  "MXC": 2642132373,
  "RPL": 10279742.404181,
  "LPT": 24126246.39634766,
  "SUSHI": 127244442.99999999,
  "ENS": 20244862.09054775,
  "UMA": 67110738.61150387,
  "POLY": 898760829.67,
  "GUSD": 168519882.79,
  "BAL": 40808048.65700605,
  "KNC": 0,
  "RNDR": 253798859.69384697,
  "RSR": 18451655211,
  "EURS": 124125940,
  "ORBS": 2876767038.89,
  "SNT": 3470483788,
  "HUSD": 200875302.62095827,
  "CET": 708633582.211935,
  "KEEP": 793457834.6788684,
  "OXT": 690690083.7746798,
  "DAWN": 73464266.09522189,
  "NKN": 700000000,
  "ANT": 39609522.80952381,
  "STORJ": 397621911.92489207,
  "NMR": 5888503.64405066,
  "CHR": 567369439,
  "sUSD": 96588314.99198656,
  "renBTC": 4823.84572251,
  "POWR": 485339139.6893699,
  "SPELL": 94458109758.29646,
  "CELR": 7068599478.398,
  "DENT": 99007791202.73587,
  "XYO": 12844821265.9205,
  "INJ": 65005554.330000006,
  "MTL": 66588888,
  "FUN": 10977277070.398026,
  "ILV": 650861.11822608,
  "RGT": 12471922.636604467,
  "STMX": 10000000000,
  "OCEAN": 613099140.9978136,
  "RLC": 80999784.9868455,
  "TRAC": 365217722.0349124,
  "MASK": 29130722.72384565,
  "QKC": 6399906497,
  "TRIBE": 453448622,
  "UQC": 10000000,
  "BFC": 1070413399,
  "ACH": 4710928000.496493,
  "VERI": 2149646.44,
  "TRU": 0,
  "BAND": 35191821,
  "KP3R": 200001,
  "FET": 746113681,
  "ADS": 28560578.475663,
  "ALPHA": 446330126,
  "AERGO": 407499999.7589212,
  "DUSK": 408078541.7263251,
  "DODO": 110551965,
  "PRO": 82050199.99999999,
  "IDEX": 661894695.1889184,
  "POND": 3906753055,
  "USDK": 28600072,
  "CQT": 254842989.34659487,
  "ALICE": 30600000.000000004,
  "PRE": 396578435,
  "MLN": 2093232.47828876,
  "RISE": 199858538.40999997,
  "GTC": 14198201.72566192,
  "MFT": 10000000000,
  "LCX": 757851119.326629,
  "DIA": 80575573,
  "NCT": 1546457129.5096478,
  "RFR": 4999180100,
  "TRB": 1703441.75593047,
  "wNXM": 1676964,
  "HOPR": 212755995,
  "CTXC": 197424201.46875,
  "UPP": 459834801.2862929,
  "KIN": 1887204746104.6094,
  "BOND": 6955232.642929161,
  "OM": 494226716.9281248,
  "KEY": 0,
  "BZRX": 489189653.3725465,
  "CXO": 207558157.3498277,
  "LOC": 0,
  "RARI": 8901111.35268608,
  "PRQ": 164750031.77939,
  "BTM": 1558147587.60749,
  "GET": 599999910,
  "FRONT": 94956250.00000001,
  "SWFTC": 4004999998.9999995,
  "QSP": 713801946.7046682,
  "KRL": 38386598,
  "MDT": 676157012.5,
  "LON": 44559364.7163315,
  "GRID": 39236491,
  "NGC": 0,
  "PNK": 628497356.1138606,
  "ULT": 2836429508.7869,
  "FSN": 72054976.7542614,
  "FUSE": 55045523.243774004,
  "PLU": 1851999.5,
  "SDT": 708603.9999999999,
  "DOCK": 772206436.580971,
  "UFT": 31052564.34812442,
  "QRL": 76387163.90107968,
  "GTO": 770236879.20298,
  "AST": 150000000,
  "CRPT": 81324094.85901552,
  "RHOC": 666856420.241016,
  "PNT": 21014319520.941,
  "YCC": 0,
  "ABT": 98554305.44029327,
  "STACK": 0,
  "CAS": 819528005.1,
  "STAKE": 8457229.92930038,
  "MTA": 51608791.96151543,
  "BTU": 90514215.66574915,
  "KAN": 9541143123.362738,
  "CARD": 2357982917.3006086,
  "RBC": 109000000.00000001,
  "TCT": 817902279.4440348,
  "PAID": 83070175,
  "WTC": 80412400.2766,
  "ZB": 463288810,
  "VSP": 8708072.2953682,
  "AMB": 729110045,
  "BRD": 88862717.99999999,
  "HEGIC": 703727349.1958504,
  "ORAI": 2044424,
  "PENDLE": 158173093.18078634,
  "VEE": 3471554077.5594096,
  "AWC": 10603658.692008,
  "SPI": 969786.96030945,
  "PPT": 53252245.994389646,
  "SFI": 91321.25709674,
  "MITx": 494999999.2358,
  "NOW": 84558980.23334938,
  "FCL": 16595270.91428571,
  "ELI": 245278437.79,
  "SNC": 122707502.69296218,
  "DSLA": 5455589071.696073,
  "NDX": 854801,
  "DHT": 28792706.30968308,
  "JRT": 29005880.1893,
  "COV": 16886825.21152613,
  "MCB": 1854177.5545493,
  "RDN": 66793930.996513784,
  "PAI": 1605488078.9700427,
  "LAToken": 380105462,
  "LAMB": 1646414197.7241733,
  "TAU": 142215728.19,
  "VLD": 369021636.7766766,
  "BAX": 49853700000.003334,
  "SOC": 1499999999.6973062,
  "MET": 14077847.06773445,
  "PSP": 72891000,
  "EDEN": 13232627.17417991,
  "MDA": 19628888,
  "OAX": 77045250.57684319,
  "MOC": 379623955.63000005,
  "BIX": 85430525.27,
  "GHOST": 19936512.40750278,
  "ABL": 0,
  "EDG": 6296894638,
  "RCN": 508404745.75,
  "ARMOR": 175417558.91219607,
  "INSTAR": 196753507.9,
  "DAX": 354666701.5562,
  "RUFF": 980500000,
  "EGT": 4218701581.8676558,
  "AMLT": 392735242.5605043,
  "STAK": 23858907.000004,
  "YOU": 556120198.410192,
  "TFL": 6247267,
  "ARCONA": 15335469.783348422,
  "SWT": 8536072.88358716,
  "INT": 486577385.4646142,
  "DGX": 54623.27344499,
  "CND": 2000000004.6069422
}
