{
  "Ethereum": {
    "layer2": {
      "arbitrum": { "ratio": 18.512907299844308, "dollars": 1855109430.602241 },
      "optimism": { "ratio": 6.449429138527855, "dollars": 646273252.6611059 },
      "zkSync": { "ratio": 0.5849382686315632, "dollars": 58614483.44570308 },
      "dYdX": { "ratio": 6.122705603624589, "dollars": 613533505.14431 },
      "loopring": { "ratio": 1.7346373938027817, "dollars": 173821547.08601046 },
      "immutableX": { "ratio": 0.635243245904702, "dollars": 63655357.698145114 },
      "deversiFi": { "ratio": 0.2740784394145181, "dollars": 27464378.74114421 },
      "sorare": { "ratio": 0.18786480163806848, "dollars": 18825231.475119587 },
      "aztec": { "ratio": 0.049399112636141454, "dollars": 4950100.933928354 },
      "OMG": { "ratio": 0.030226880886916295, "dollars": 3028923.05799428 },
      "starknet": { "ratio": 0.006204622401810749, "dollars": 621742.0821321699 },
      "polygonHermez": { "ratio": 0.002984258787608339, "dollars": 299041.4487894291 },
      "metisAndromeda": { "ratio": 0.9157134742166441, "dollars": 91760233.7782529 },
      "bobaNetwork": { "ratio": 0.42900785942901487, "dollars": 42989278.395832464 },
      "ZKSpace": { "ratio": 0.35861956673896567, "dollars": 35935929.969332255 }
    },
    "sidechain": {
      "polygon": { "ratio": 33.798304108538844, "dollars": 3386802065.9640083 },
      "ronin": { "ratio": 0.0055138991888812675, "dollars": 552527.2837491987 },
      "gnosisChain": { "ratio": 2.0069786920500077, "dollars": 201111853.38626048 }
    },
    "alt_l1": {
      "avalanche": { "ratio": 12.891655277353776, "dollars": 1291824719.5724502 },
      "solana": { "ratio": 4.008908809570098, "dollars": 401717807.9382722 },
      "near": { "ratio": 4.0824011434482035, "dollars": 409082200.7614021 },
      "fantom": { "ratio": 6.164203653342606, "dollars": 617691870.0157282 },
      "moonriver": { "ratio": 0.7480744500221117, "dollars": 74961752.06582898 }
    }
  },
  "totalValueBridgedFromEthereum": 10020627233.50774
}
