{"sidechain":{"polygon":3806109731.37222,"ronin":728465.6980544631,"gnosisChain":238050345.89633128}}