{"altL1":{"avalanche":1173263705.1098185,"solana":511902361.06295085,"near":296500654.1025539,"fantom":503926942.4002862,"moonriver":66001083.0883946}}