{"layer2":{"layer2":{"arbitrum":2106553333.4945116,"optimism":757353124.494308,"zkSync":64754442.30013542,"dYdX":559393259.699104,"loopring":180451478.95889625,"immutableX":90648711.25485034,"deversiFi":26541893.21342845,"sorare":23404172.94642996,"aztec":4784479.652686766,"OMG":3035847.617258661,"starknet":950997.8486710159,"polygonHermez":315099.3483019707,"metisAndromeda":117133382.06257983,"bobaNetwork":48864372.98173331,"ZKSpace":44461347.027707346}},"sidechain":{"sidechain":{"polygon":3806109731.37222,"ronin":728465.6980544631,"gnosisChain":238050345.89633128}},"altL1":{"altL1":{"avalanche":1305520984.4710543,"solana":475302008.2903516,"near":375293137.4953001,"fantom":553118186.9389228,"moonriver":78890745.99576053}}}