{
  "altL1": {
    "avalanche": 1305520984.4710543,
    "solana": 475302008.2903516,
    "near": 375293137.4953001,
    "fantom": 553118186.9389228,
    "moonriver": 78890745.99576053
  }
}
