{
  "altL1": {
    "avalanche": 1169280664.7767437,
    "solana": 509797540.8853644,
    "near": 296324430.6665876,
    "fantom": 502752461.7338587,
    "moonriver": 65867738.47350267
  }
}
