{ "sidechain": { "polygon": 4000550001.780584, "ronin": 809686.2612749225, "gnosisChain": 247748278.85615495 } }
