{"altL1":{"avalanche":882782993.6557378,"solana":319216687.2851162,"near":266017529.65021107,"fantom":376404820.5782541,"moonriver":55907760.34170441}}