{"layer2":{"arbitrum":1139153603.160997,"optimism":659456914.1908903,"zkSync":21431253.746293187,"dYdX":410115477.707055,"loopring":24103411.850343056,"immutableX":1979778.423492,"deversiFi":10252945.81791901,"sorare":6627.784619,"aztec":631589.7558997204,"OMG":3001750.116746503,"starknet":147317.6562598305,"polygonHermez":85621.8357376721,"metisAndromeda":47508350.09167526,"bobaNetwork":3687758.0868525566,"ZKSpace":2532640.7461219965},"sidechain":{"polygon":2160688944.090494,"ronin":14714.851931,"gnosisChain":211257265.19994703},"altL1":{"avalanche":585697564.437212,"solana":54330466.26880495,"near":250913942.52354437,"fantom":301415116.7542317,"moonriver":42490546.0510193}}