{"layer2":{"arbitrum":2340108923.9271393,"optimism":1437771771.642085,"zkSync":67519176.6274133,"dYdX":523229344.755735,"loopring":208517736.8452032,"immutableX":81825495.44677131,"deversiFi":26649166.52174273,"sorare":27496259.56780984,"aztec":4763592.188060281,"OMG":3040271.6105696275,"starknet":1188250.3675619268,"polygonHermez":326103.2401682814,"metisAndromeda":167635359.01733875,"bobaNetwork":50434813.92016763,"ZKSpace":47179914.78942813},"sidechain":{"polygon":4000550001.780584,"ronin":809686.2612749225,"gnosisChain":247748278.85615495},"altL1":{"avalanche":1173263705.1098185,"solana":511902361.06295085,"near":296500654.1025539,"fantom":503926942.4002862,"moonriver":66001083.0883946}}