{
  "layer2": {
    "arbitrum": 2205708525.6888347,
    "optimism": 1159163177.5615425,
    "zkSync": 50955362.51474103,
    "dYdX": 417083526.269766,
    "loopring": 139025436.03882232,
    "immutableX": 61403920.32903021,
    "deversiFi": 22106261.617514446,
    "sorare": 19317832.18076773,
    "aztec": 2956147.0702325087,
    "OMG": 3029897.0781307193,
    "starknet": 1086395.5417949234,
    "polygonHermez": 298341.85272634384,
    "metisAndromeda": 113345420.43899032,
    "bobaNetwork": 27540111.1255771,
    "ZKSpace": 26163674.40437541
  },
  "sidechain": { "polygon": 3642139513.190565, "ronin": 603341.4721713233, "gnosisChain": 220286187.6841119 },
  "altL1": {
    "avalanche": 881258444.3554249,
    "solana": 318705173.1109107,
    "near": 265954240.32928336,
    "fantom": 376088388.8334651,
    "moonriver": 55847602.30935767
  }
}
