{"altL1":{"avalanche":585697564.437212,"solana":54330466.26880495,"near":250913942.52354437,"fantom":301415116.7542317,"moonriver":42490546.0510193}}