{"layer2":{"arbitrum":1137954249.24957,"optimism":659186829.7296199,"zkSync":21437171.00301175,"dYdX":411901050.636424,"loopring":24297540.149166055,"immutableX":1973058.8598179999,"deversiFi":10252940.54937401,"sorare":6627.784619,"aztec":631589.7558997204,"OMG":3001750.116746503,"starknet":147327.6562598305,"polygonHermez":85621.8357376721,"metisAndromeda":47712899.53527825,"bobaNetwork":3717573.4809176396,"ZKSpace":2532640.7461219965},"sidechain":{"polygon":2160688944.090494,"ronin":14714.851931,"gnosisChain":211226265.19994703},"altL1":{"avalanche":589581336.429324,"solana":54385549.64931668,"near":253719942.07791537,"fantom":301799709.0420148,"moonriver":43459324.04545031}}