{
  "layer2": {
    "arbitrum": 2205708525.6888347,
    "optimism": 1159467399.416194,
    "zkSync": 50967761.26732552,
    "dYdX": 417084604.603246,
    "loopring": 139030129.6614157,
    "immutableX": 61380417.85627015,
    "deversiFi": 22121098.066496972,
    "sorare": 19317957.48482478,
    "aztec": 2956147.0702325087,
    "OMG": 3029898.9253868163,
    "starknet": 1085139.368622967,
    "polygonHermez": 298833.07747366105,
    "metisAndromeda": 113449944.2238648,
    "bobaNetwork": 27563643.693738643,
    "ZKSpace": 26222950.988138624
  }
}
