{"sidechain":{"polygon":2160688944.090494,"ronin":14714.851931,"gnosisChain":211257265.19994703}}