{"altL1":{"avalanche":589581336.429324,"solana":54385549.64931668,"near":253719942.07791537,"fantom":301865271.91787076,"moonriver":43459324.04545031}}