{
  "layer2": {
    "arbitrum": 2354639848.834665,
    "optimism": 1445748060.9826984,
    "zkSync": 67945138.48038897,
    "dYdX": 523245432.932686,
    "loopring": 208920380.01234767,
    "immutableX": 81933491.38225909,
    "deversiFi": 26636112.27074734,
    "sorare": 27779840.381660152,
    "aztec": 4802504.033382353,
    "OMG": 3040570.440185356,
    "starknet": 1200173.2379947335,
    "polygonHermez": 328122.46184230625,
    "metisAndromeda": 167618632.4853333,
    "bobaNetwork": 50453018.771135874,
    "ZKSpace": 47420553.49054077
  }
}
