{"sidechain":{"polygon":4012467413.9357643,"ronin":817653.0399206708,"gnosisChain":248179954.93599832}}