{"sidechain":{"polygon":3642843910.643802,"ronin":603341.5238609819,"gnosisChain":220245353.28016067}}