{"altL1":{"avalanche":1173293280.023201,"solana":511919837.8069688,"near":296506138.4186012,"fantom":503937287.7672709,"moonriver":66001084.61065752}}