{"sidechain":{"polygon":2165635127.66253,"ronin":14714.851931,"gnosisChain":211709514.08942604}}