{"altL1":{"avalanche":590992238.5318923,"solana":54896977.14286757,"near":253660876.4279154,"fantom":303460049.3693202,"moonriver":43549793.785127304}}