{"ethereum":{"ethereum":{"chainTokenMcapUSD":164722393897,"chainTokenMcapRatio (%)":24.04479641589645,"ecosystemValueUSD":170410819390,"ecosystemValueRatio (%)":73.98183453317039,"bridgedFromEthUSD":"noCalc","bridgedFromEthRatio (%)":null,"combinedUSD":335133213287,"combinedRatio (%)":36.59287465928658}},"layer2":{"arbitrum":{"chainTokenMcapUSD":"none","chainTokenMcapRatio (%)":null,"ecosystemValueUSD":2361482535,"ecosystemValueRatio (%)":1.02520961276238,"bridgedFromEthUSD":1137954249.24957,"bridgedFromEthRatio (%)":19.158399267700034,"combinedUSD":2361482535,"combinedRatio (%)":0.2578480168103988},"optimism":{"chainTokenMcapUSD":204666607,"chainTokenMcapRatio (%)":0.029875518331311197,"ecosystemValueUSD":970485215,"ecosystemValueRatio (%)":0.42132463683952887,"bridgedFromEthUSD":659186829.7296199,"bridgedFromEthRatio (%)":11.097954495356642,"combinedUSD":1175151822,"combinedRatio (%)":0.12831370220310637},"zkSync":{"chainTokenMcapUSD":"none","chainTokenMcapRatio (%)":null,"ecosystemValueUSD":"none","ecosystemValueRatio (%)":null,"bridgedFromEthUSD":21437171.00301175,"bridgedFromEthRatio (%)":0.36091247211080785,"combinedUSD":21437171.00301175,"combinedRatio (%)":0.0023407041751219077},"dYdX":{"chainTokenMcapUSD":172321901,"chainTokenMcapRatio (%)":0.025154108858666393,"ecosystemValueUSD":"none","ecosystemValueRatio (%)":null,"bridgedFromEthUSD":411901050.636424,"bridgedFromEthRatio (%)":6.9346942481050915,"combinedUSD":584222951.6364241,"combinedRatio (%)":0.06379074467919767},"loopring":{"chainTokenMcapUSD":379552799,"chainTokenMcapRatio (%)":0.055403940928306764,"ecosystemValueUSD":"noCalc","ecosystemValueRatio (%)":null,"bridgedFromEthUSD":24297540.149166055,"bridgedFromEthRatio (%)":0.40906914817328816,"combinedUSD":379552799,"combinedRatio (%)":0.04144300669028065},"immutableX":{"chainTokenMcapUSD":181159532,"chainTokenMcapRatio (%)":0.026444152265434083,"ecosystemValueUSD":"noCalc","ecosystemValueRatio (%)":null,"bridgedFromEthUSD":1973058.8598179999,"bridgedFromEthRatio (%)":0.033218074839119476,"combinedUSD":181159532,"combinedRatio (%)":0.019780635833709426},"deversiFi":{"chainTokenMcapUSD":10731919,"chainTokenMcapRatio (%)":0.001566555714751488,"ecosystemValueUSD":"noCalc","ecosystemValueRatio (%)":null,"bridgedFromEthUSD":10252940.54937401,"bridgedFromEthRatio (%)":0.172616718855293,"combinedUSD":10731919,"combinedRatio (%)":0.0011718079594943258},"sorare":{"chainTokenMcapUSD":"none","chainTokenMcapRatio (%)":null,"ecosystemValueUSD":"none","ecosystemValueRatio (%)":null,"bridgedFromEthUSD":6627.784619,"bridgedFromEthRatio (%)":0.00011158422588154076,"combinedUSD":6627.784619,"combinedRatio (%)":7.236814562575684e-7},"aztec":{"chainTokenMcapUSD":"none","chainTokenMcapRatio (%)":null,"ecosystemValueUSD":"none","ecosystemValueRatio (%)":null,"bridgedFromEthUSD":631589.7558997204,"bridgedFromEthRatio (%)":0.010633334973612183,"combinedUSD":631589.7558997204,"combinedRatio (%)":0.00006896268068165355},"OMG":{"chainTokenMcapUSD":246725674,"chainTokenMcapRatio (%)":0.03601494891832604,"ecosystemValueUSD":"noCalc","ecosystemValueRatio (%)":null,"bridgedFromEthUSD":3001750.116746503,"bridgedFromEthRatio (%)":0.05053694142485881,"combinedUSD":246725674,"combinedRatio (%)":0.02693974009725588},"starknet":{"chainTokenMcapUSD":"none","chainTokenMcapRatio (%)":null,"ecosystemValueUSD":"none","ecosystemValueRatio (%)":null,"bridgedFromEthUSD":147327.6562598305,"bridgedFromEthRatio (%)":0.002480382725106614,"combinedUSD":147327.6562598305,"combinedRatio (%)":0.000016086565716617263},"polygonHermez":{"chainTokenMcapUSD":"none","chainTokenMcapRatio (%)":null,"ecosystemValueUSD":"none","ecosystemValueRatio (%)":null,"bridgedFromEthUSD":85621.8357376721,"bridgedFromEthRatio (%)":0.0014415142930196934,"combinedUSD":85621.8357376721,"combinedRatio (%)":0.000009348966258869442},"metisAndromeda":{"chainTokenMcapUSD":108643633,"chainTokenMcapRatio (%)":0.015858888251720254,"ecosystemValueUSD":"noCalc","ecosystemValueRatio (%)":null,"bridgedFromEthUSD":47712899.53527825,"bridgedFromEthRatio (%)":0.8032860548825493,"combinedUSD":108643633,"combinedRatio (%)":0.011862694257921663},"bobaNetwork":{"chainTokenMcapUSD":101633730,"chainTokenMcapRatio (%)":0.014835641281210728,"ecosystemValueUSD":"noCalc","ecosystemValueRatio (%)":null,"bridgedFromEthUSD":3717573.4809176396,"bridgedFromEthRatio (%)":0.06258841873599207,"combinedUSD":101633730,"combinedRatio (%)":0.011097289661531852},"ZKSpace":{"chainTokenMcapUSD":"none","chainTokenMcapRatio (%)":null,"ecosystemValueUSD":"none","ecosystemValueRatio (%)":null,"bridgedFromEthUSD":2532640.7461219965,"bridgedFromEthRatio (%)":0.04263909787924127,"combinedUSD":2532640.7461219965,"combinedRatio (%)":0.0002765366179939863}},"sidechain":{"polygon":{"chainTokenMcapUSD":5729764690,"chainTokenMcapRatio (%)":0.8363830941419508,"ecosystemValueUSD":4421580432,"ecosystemValueRatio (%)":1.9195766622463868,"bridgedFromEthUSD":2160688944.090494,"bridgedFromEthRatio (%)":36.376982213027695,"combinedUSD":10151345122,"combinedRatio (%)":1.1084156536713983},"ronin":{"chainTokenMcapUSD":"none","chainTokenMcapRatio (%)":null,"ecosystemValueUSD":"none","ecosystemValueRatio (%)":null,"bridgedFromEthUSD":14714.851931,"bridgedFromEthRatio (%)":0.0002477366806662868,"combinedUSD":14714.851931,"combinedRatio (%)":0.000001606700592459396},"gnosisChain":{"chainTokenMcapUSD":324723306,"chainTokenMcapRatio (%)":0.047400390435978525,"ecosystemValueUSD":"noCalc","ecosystemValueRatio (%)":null,"bridgedFromEthUSD":211226265.19994703,"bridgedFromEthRatio (%)":3.55616856055007,"combinedUSD":324723306,"combinedRatio (%)":0.03545622685039941}},"alt_l1":{"avalanche":{"chainTokenMcapUSD":5292635686,"chainTokenMcapRatio (%)":0.7725746606921803,"ecosystemValueUSD":3457849648,"ecosystemValueRatio (%)":1.501184381453243,"bridgedFromEthUSD":589581336.429324,"bridgedFromEthRatio (%)":9.926088550173265,"combinedUSD":8750485334,"combinedRatio (%)":0.9554571147825067},"solana":{"chainTokenMcapUSD":12382602891,"chainTokenMcapRatio (%)":1.8075087337497002,"ecosystemValueUSD":24495622792.985085,"ecosystemValueRatio (%)":10.634483882799312,"bridgedFromEthUSD":54385549.64931668,"bridgedFromEthRatio (%)":0.9156256284134847,"combinedUSD":36878225683.985085,"combinedRatio (%)":4.0266981504912405},"near":{"chainTokenMcapUSD":2956104110,"chainTokenMcapRatio (%)":0.43150733684449744,"ecosystemValueUSD":"noCalc","ecosystemValueRatio (%)":null,"bridgedFromEthUSD":253719942.07791537,"bridgedFromEthRatio (%)":4.271584693068245,"combinedUSD":2956104110,"combinedRatio (%)":0.3227741772176896},"fantom":{"chainTokenMcapUSD":595834009,"chainTokenMcapRatio (%)":0.08697486179705975,"ecosystemValueUSD":"noCalc","ecosystemValueRatio (%)":null,"bridgedFromEthUSD":301799709.0420148,"bridgedFromEthRatio (%)":5.081047263996413,"combinedUSD":595834009,"combinedRatio (%)":0.06505854491481103},"moonriver":{"chainTokenMcapUSD":59095564,"chainTokenMcapRatio (%)":0.008626275831998202,"ecosystemValueUSD":"noCalc","ecosystemValueRatio (%)":null,"bridgedFromEthUSD":43459324.04545031,"bridgedFromEthRatio (%)":0.7316735998096264,"combinedUSD":59095564,"combinedRatio (%)":0.006452588047487718},"bitcoin":{"chainTokenMcapUSD":379167437651,"chainTokenMcapRatio (%)":55.34768910386415,"ecosystemValueUSD":984497293.5705101,"ecosystemValueRatio (%)":0.4274078144334164,"bridgedFromEthUSD":"noCalc","bridgedFromEthRatio (%)":null,"combinedUSD":380151934944.5705,"combinedRatio (%)":41.50842577037871},"BNB":{"chainTokenMcapUSD":45957958181,"chainTokenMcapRatio (%)":6.708558089821164,"ecosystemValueUSD":23239097811,"ecosystemValueRatio (%)":10.08897847629535,"bridgedFromEthUSD":"noCalc","bridgedFromEthRatio (%)":null,"combinedUSD":69197055992,"combinedRatio (%)":7.5555602856301975},"dogecoin":{"chainTokenMcapUSD":8246499604,"chainTokenMcapRatio (%)":1.2037549930578197,"ecosystemValueUSD":"none","ecosystemValueRatio (%)":null,"bridgedFromEthUSD":"noCalc","bridgedFromEthRatio (%)":null,"combinedUSD":8246499604,