{"ethereum":{"ethereum":{"chainTokenMcapUSD":164722393897,"chainTokenMcapRatio (%)":24.04479641589645,"ecosystemValueUSD":170410819390,"ecosystemValueRatio (%)":73.98183453317039,"bridgedFromEthUSD":"noCalc","bridgedFromEthRatio (%)":null,"combinedUSD":335133213287,"combinedRatio (%)":36.59294623955007}},"layer2":{"arbitrum":{"chainTokenMcapUSD":"none","chainTokenMcapRatio (%)":null,"ecosystemValueUSD":2361482535,"ecosystemValueRatio (%)":1.02520961276238,"bridgedFromEthUSD":1139153603.160997,"bridgedFromEthRatio (%)":19.20708343565866,"combinedUSD":2361482535,"combinedRatio (%)":0.25784852119353774},"optimism":{"chainTokenMcapUSD":204666607,"chainTokenMcapRatio (%)":0.029875518331311197,"ecosystemValueUSD":970485215,"ecosystemValueRatio (%)":0.42132463683952887,"bridgedFromEthUSD":659456914.1908903,"bridgedFromEthRatio (%)":11.118995663042554,"combinedUSD":1175151822,"combinedRatio (%)":0.12831395320084021},"zkSync":{"chainTokenMcapUSD":"none","chainTokenMcapRatio (%)":null,"ecosystemValueUSD":"none","ecosystemValueRatio (%)":null,"bridgedFromEthUSD":21431253.746293187,"bridgedFromEthRatio (%)":0.3613488801629585,"combinedUSD":21431253.746293187,"combinedRatio (%)":0.0023400626529745494},"dYdX":{"chainTokenMcapUSD":172321901,"chainTokenMcapRatio (%)":0.025154108858666393,"ecosystemValueUSD":"none","ecosystemValueRatio (%)":null,"bridgedFromEthUSD":410115477.707055,"bridgedFromEthRatio (%)":6.914890298127019,"combinedUSD":582437378.707055,"combinedRatio (%)":0.06359590408211706},"loopring":{"chainTokenMcapUSD":379552799,"chainTokenMcapRatio (%)":0.055403940928306764,"ecosystemValueUSD":"noCalc","ecosystemValueRatio (%)":null,"bridgedFromEthUSD":24103411.850343056,"bridgedFromEthRatio (%)":0.40640370289743366,"combinedUSD":379552799,"combinedRatio (%)":0.041443087758012184},"immutableX":{"chainTokenMcapUSD":181159532,"chainTokenMcapRatio (%)":0.026444152265434083,"ecosystemValueUSD":"noCalc","ecosystemValueRatio (%)":null,"bridgedFromEthUSD":1979778.423492,"bridgedFromEthRatio (%)":0.03338072166792191,"combinedUSD":181159532,"combinedRatio (%)":0.01978067452712005},"deversiFi":{"chainTokenMcapUSD":10731919,"chainTokenMcapRatio (%)":0.001566555714751488,"ecosystemValueUSD":"noCalc","ecosystemValueRatio (%)":null,"bridgedFromEthUSD":10252945.81791901,"bridgedFromEthRatio (%)":0.17287325013905602,"combinedUSD":10731919,"combinedRatio (%)":0.0011718102516980208},"sorare":{"chainTokenMcapUSD":"none","chainTokenMcapRatio (%)":null,"ecosystemValueUSD":"none","ecosystemValueRatio (%)":null,"bridgedFromEthUSD":6627.784619,"bridgedFromEthRatio (%)":0.00011174999738179884,"combinedUSD":6627.784619,"combinedRatio (%)":7.236828718694821e-7},"aztec":{"chainTokenMcapUSD":"none","chainTokenMcapRatio (%)":null,"ecosystemValueUSD":"none","ecosystemValueRatio (%)":null,"bridgedFromEthUSD":631589.7558997204,"bridgedFromEthRatio (%)":0.010649132044187317,"combinedUSD":631589.7558997204,"combinedRatio (%)":0.00006896281558132734},"OMG":{"chainTokenMcapUSD":246725674,"chainTokenMcapRatio (%)":0.03601494891832604,"ecosystemValueUSD":"noCalc","ecosystemValueRatio (%)":null,"bridgedFromEthUSD":3001750.116746503,"bridgedFromEthRatio (%)":0.050612019999202715,"combinedUSD":246725674,"combinedRatio (%)":0.026939792794774528},"starknet":{"chainTokenMcapUSD":"none","chainTokenMcapRatio (%)":null,"ecosystemValueUSD":"none","ecosystemValueRatio (%)":null,"bridgedFromEthUSD":147317.6562598305,"bridgedFromEthRatio (%)":0.0024838990171971976,"combinedUSD":147317.6562598305,"combinedRatio (%)":0.000016085505291401706},"polygonHermez":{"chainTokenMcapUSD":"none","chainTokenMcapRatio (%)":null,"ecosystemValueUSD":"none","ecosystemValueRatio (%)":null,"bridgedFromEthUSD":85621.8357376721,"bridgedFromEthRatio (%)":0.0014436558321584874,"combinedUSD":85621.8357376721,"combinedRatio (%)":0.000009348984546622849},"metisAndromeda":{"chainTokenMcapUSD":108643633,"chainTokenMcapRatio (%)":0.015858888251720254,"ecosystemValueUSD":"noCalc","ecosystemValueRatio (%)":null,"bridgedFromEthUSD":47508350.09167526,"bridgedFromEthRatio (%)":0.8010305559928296,"combinedUSD":108643633,"combinedRatio (%)":0.011862717462843076},"bobaNetwork":{"chainTokenMcapUSD":101633730,"chainTokenMcapRatio (%)":0.014835641281210728,"ecosystemValueUSD":"noCalc","ecosystemValueRatio (%)":null,"bridgedFromEthUSD":3687758.0868525566,"bridgedFromEthRatio (%)":0.062178688693215176,"combinedUSD":101633730,"combinedRatio (%)":0.011097311369225642},"ZKSpace":{"chainTokenMcapUSD":"none","chainTokenMcapRatio (%)":null,"ecosystemValueUSD":"none","ecosystemValueRatio (%)":null,"bridgedFromEthUSD":2532640.7461219965,"bridgedFromEthRatio (%)":0.04270244327747522,"combinedUSD":2532640.7461219965,"combinedRatio (%)":0.0002765371589343789}},"sidechain":{"polygon":{"chainTokenMcapUSD":5729764690,"chainTokenMcapRatio (%)":0.8363830941419508,"ecosystemValueUSD":4421580432,"ecosystemValueRatio (%)":1.9195766622463868,"bridgedFromEthUSD":2160688944.090494,"bridgedFromEthRatio (%)":36.43102450143069,"combinedUSD":10151345122,"combinedRatio (%)":1.108417821871773},"ronin":{"chainTokenMcapUSD":"none","chainTokenMcapRatio (%)":null,"ecosystemValueUSD":"none","ecosystemValueRatio (%)":null,"bridgedFromEthUSD":14714.851931,"bridgedFromEthRatio (%)":0.0002481047226623536,"combinedUSD":14714.851931,"combinedRatio (%)":0.0000016067037353677583},"gnosisChain":{"chainTokenMcapUSD":324723306,"chainTokenMcapRatio (%)":0.047400390435978525,"ecosystemValueUSD":"noCalc","ecosystemValueRatio (%)":null,"bridgedFromEthUSD":211257265.19994703,"bridgedFromEthRatio (%)":3.5619743534366757,"combinedUSD":324723306,"combinedRatio (%)":0.03545629620723688}},"alt_l1":{"avalanche":{"chainTokenMcapUSD":5292635686,"chainTokenMcapRatio (%)":0.7725746606921803,"ecosystemValueUSD":3457849648,"ecosystemValueRatio (%)":1.501184381453243,"bridgedFromEthUSD":585697564.437212,"bridgedFromEthRatio (%)":9.875351275711756,"combinedUSD":8750485334,"combinedRatio (%)":0.9554589837767486},"solana":{"chainTokenMcapUSD":12382602891,"chainTokenMcapRatio (%)":1.8075087337497002,"ecosystemValueUSD":24495622792.985085,"ecosystemValueRatio (%)":10.634483882799312,"bridgedFromEthUSD":54330466.26880495,"bridgedFromEthRatio (%)":0.9160571461368523,"combinedUSD":36878225683.985085,"combinedRatio (%)":4.026706027219082},"near":{"chainTokenMcapUSD":2956104110,"chainTokenMcapRatio (%)":0.43150733684449744,"ecosystemValueUSD":"noCalc","ecosystemValueRatio (%)":null,"bridgedFromEthUSD":250913942.52354437,"bridgedFromEthRatio (%)":4.230619133229096,"combinedUSD":2956104110,"combinedRatio (%)":0.3227748086045612},"fantom":{"chainTokenMcapUSD":595834009,"chainTokenMcapRatio (%)":0.08697486179705975,"ecosystemValueUSD":"noCalc","ecosystemValueRatio (%)":null,"bridgedFromEthUSD":301415116.7542317,"bridgedFromEthRatio (%)":5.082111209763799,"combinedUSD":595834009,"combinedRatio (%)":0.0650586721775044},"moonriver":{"chainTokenMcapUSD":59095564,"chainTokenMcapRatio (%)":0.008626275831998202,"ecosystemValueUSD":"noCalc","ecosystemValueRatio (%)":null,"bridgedFromEthUSD":42490546.0510193,"bridgedFromEthRatio (%)":0.7164261790192328,"combinedUSD":59095564,"combinedRatio (%)":0.006452600669561195},"bitcoin":{"chainTokenMcapUSD":379167437651,"chainTokenMcapRatio (%)":55.34768910386415,"ecosystemValueUSD":984497293.5705101,"ecosystemValueRatio (%)":0.4274078144334164,"bridgedFromEthUSD":"noCalc","bridgedFromEthRatio (%)":null,"combinedUSD":380151934944.5705,"combinedRatio (%)":41.50850696607819},"BNB":{"chainTokenMcapUSD":45957958181,"chainTokenMcapRatio (%)":6.708558089821164,"ecosystemValueUSD":23239097811,"ecosystemValueRatio (%)":10.08897847629535,"bridgedFromEthUSD":"noCalc","bridgedFromEthRatio (%)":null,"combinedUSD":69197055992,"combinedRatio (%)":7.5555750652560425},"dogecoin":{"chainTokenMcapUSD":8246499604,"chainTokenMcapRatio (%)":1.2037549930578197,"ecosystemValueUSD":"none","ecosystemValueRatio (%)":null,"bridgedFromEthUSD":"noCalc","bridgedFromEthRatio (%)":null,"combinedUSD":8246499604,