{
  "ethereum": {
    "ethereum": {
      "chainTokenMcapUSD": 152631791516,
      "chainTokenMcapRatio (%)": 23.769044589296854,
      "ecosystemValueUSD": 167051653043,
      "ecosystemValueRatio (%)": 74.94307817420292,
      "bridgedFromEthUSD": "noCalc",
      "bridgedFromEthRatio (%)": null,
      "combinedUSD": 319683444559,
      "combinedRatio (%)": 36.87819504557013
    }
  },
  "layer2": {
    "arbitrum": {
      "chainTokenMcapUSD": "none",
      "chainTokenMcapRatio (%)": null,
      "ecosystemValueUSD": 2278547766,
      "ecosystemValueRatio (%)": 1.022207085296178,
      "bridgedFromEthUSD": 2205708525.6888347,
      "bridgedFromEthRatio (%)": 22.03490289422457,
      "combinedUSD": 2278547766,
      "combinedRatio (%)": 0.26284979834070804
    },
    "optimism": {
      "chainTokenMcapUSD": 197680944,
      "chainTokenMcapRatio (%)": 0.030784459290695957,
      "ecosystemValueUSD": 957617027,
      "ecosystemValueRatio (%)": 0.4296082463603975,
      "bridgedFromEthUSD": 1159163177.5615425,
      "bridgedFromEthRatio (%)": 11.579974306964559,
      "combinedUSD": 2314461148.5615425,
      "combinedRatio (%)": 0.2669927114298665
    },
    "zkSync": {
      "chainTokenMcapUSD": "none",
      "chainTokenMcapRatio (%)": null,
      "ecosystemValueUSD": "none",
      "ecosystemValueRatio (%)": null,
      "bridgedFromEthUSD": 50955362.51474103,
      "bridgedFromEthRatio (%)": 0.5090411774156262,
      "combinedUSD": 50955362.51474103,
      "combinedRatio (%)": 0.005878132976290371
    },
    "dYdX": {
      "chainTokenMcapUSD": 152483180,
      "chainTokenMcapRatio (%)": 0.023745901614198404,
      "ecosystemValueUSD": "none",
      "ecosystemValueRatio (%)": null,
      "bridgedFromEthUSD": 417083526.269766,
      "bridgedFromEthRatio (%)": 4.166640738383568,
      "combinedUSD": 569566706.269766,
      "combinedRatio (%)": 0.06570434735603839
    },
    "loopring": {
      "chainTokenMcapUSD": 371442719,
      "chainTokenMcapRatio (%)": 0.05784403408090219,
      "ecosystemValueUSD": "noCalc",
      "ecosystemValueRatio (%)": null,
      "bridgedFromEthUSD": 139025436.03882232,
      "bridgedFromEthRatio (%)": 1.3888562098140262,
      "combinedUSD": 371442719,
      "combinedRatio (%)": 0.04284906607671015
    },
    "immutableX": {
      "chainTokenMcapUSD": 178213665,
      "chainTokenMcapRatio (%)": 0.027752858744129767,
      "ecosystemValueUSD": "noCalc",
      "ecosystemValueRatio (%)": null,
      "bridgedFromEthUSD": 61403920.32903021,
      "bridgedFromEthRatio (%)": 0.6134216765346802,
      "combinedUSD": 178213665,
      "combinedRatio (%)": 0.020558456840710577
    },
    "deversiFi": {
      "chainTokenMcapUSD": 10786801,
      "chainTokenMcapRatio (%)": 0.0016798070139797511,
      "ecosystemValueUSD": "noCalc",
      "ecosystemValueRatio (%)": null,
      "bridgedFromEthUSD": 22106261.617514446,
      "bridgedFromEthRatio (%)": 0.2208402979918356,
      "combinedUSD": 32893062.617514446,
      "combinedRatio (%)": 0.003794493582638353
    },
    "sorare": {
      "chainTokenMcapUSD": "none",
      "chainTokenMcapRatio (%)": null,
      "ecosystemValueUSD": "none",
      "ecosystemValueRatio (%)": null,
      "bridgedFromEthUSD": 19317832.18076773,
      "bridgedFromEthRatio (%)": 0.19298404629288418,
      "combinedUSD": 19317832.18076773,
      "combinedRatio (%)": 0.0022284756847596576
    },
    "aztec": {
      "chainTokenMcapUSD": "none",
      "chainTokenMcapRatio (%)": null,
      "ecosystemValueUSD": "none",
      "ecosystemValueRatio (%)": null,
      "bridgedFromEthUSD": 2956147.0702325087,
      "bridgedFromEthRatio (%)": 0.02953174133163279,
      "combinedUSD": 2956147.0702325087,
      "combinedRatio (%)": 0.0003410166215826831
    },
    "OMG": {
      "chainTokenMcapUSD": 235899869,
      "chainTokenMcapRatio (%)": 0.03673621628350282,
      "ecosystemValueUSD": "noCalc",
      "ecosystemValueRatio (%)": null,
      "bridgedFromEthUSD": 3029897.0781307193,
      "bridgedFromEthRatio (%)": 0.030268499721764083,
      "combinedUSD": 235899869,
      "combinedRatio (%)": 0.027213049434597392
    },
    "starknet": {
      "chainTokenMcapUSD": "none",
      "chainTokenMcapRatio (%)": null,
      "ecosystemValueUSD": "none",
      "ecosystemValueRatio (%)": null,
      "bridgedFromEthUSD": 1086395.5417949234,
      "bridgedFromEthRatio (%)": 0.010853029758632176,
      "combinedUSD": 1086395.5417949234,
      "combinedRatio (%)": 0.000125324934302492
    },
    "polygonHermez": {
      "chainTokenMcapUSD": "none",
      "chainTokenMcapRatio (%)": null,
      "ecosystemValueUSD": "none",
      "ecosystemValueRatio (%)": null,
      "bridgedFromEthUSD": 298341.85272634384,
      "bridgedFromEthRatio (%)": 0.0029804181638437557,
      "combinedUSD": 298341.85272634384,
      "combinedRatio (%)": 0.0000344162615310794
    },
    "metisAndromeda": {
      "chainTokenMcapUSD": 101511011,
      "chainTokenMcapRatio (%)": 0.015808107359538356,
      "ecosystemValueUSD": "noCalc",
      "ecosystemValueRatio (%)": null,
      "bridgedFromEthUSD": 113345420.43899032,
      "bridgedFromEthRatio (%)": 1.1323143125169866,
      "combinedUSD": 214856431.43899032,
      "combinedRatio (%)": 0.024785510542570197
    },
    "bobaNetwork": {
      "chainTokenMcapUSD": 96023022,
      "chainTokenMcapRatio (%)": 0.014953473774025491,
      "ecosystemValueUSD": "noCalc",
      "ecosystemValueRatio (%)": null,
      "bridgedFromEthUSD": 27540111.1255771,
      "bridgedFromEthRatio (%)": 0.27512414595157353,
      "combinedUSD": 96023022,
      "combinedRatio (%)": 0.011077069502507577
    },
    "ZKSpace": {
      "chainTokenMcapUSD": "none",
      "chainTokenMcapRatio (%)": null,
      "ecosystemValueUSD": "none",
      "ecosystemValueRatio (%)": null,
      "bridgedFromEthUSD": 26163674.40437541,
      "bridgedFromEthRatio (%)": 0.2613736212841077,
      "combinedUSD": 26163674.40437541,
      "combinedRatio (%)": 0.003018201612299236
    }
  },
  "sidechain": {
    "polygon": {
      "chainTokenMcapUSD": 5349333780,
      "chainTokenMcapRatio (%)": 0.8330410845405246,
      "ecosystemValueUSD": 4635254727,
      "ecosystemValueRatio (%)": 2.0794781197016174,
      "bridgedFromEthUSD": 3642139513.190565,
      "bridgedFromEthRatio (%)": 36.384766874539494,
      "combinedUSD": 9984588507,
      "combinedRatio (%)": 1.1518069161161932
    },
    "ronin": {
      "chainTokenMcapUSD": "none",
      "chainTokenMcapRatio (%)": null,
      "ecosystemValueUSD": "none",
      "ecosystemValueRatio (%)": null,
      "bridgedFromEthUSD": 603341.4721713233,
      "bridgedFromEthRatio (%)": 0.006027347039066169,
      "combinedUSD": 603341.4721713233,
      "combinedRatio (%)": 0.0000696005528860255
    },
    "gnosisChain": {
      "chainTokenMcapUSD": 310828858,
      "chainTokenMcapRatio (%)": 0.048404758353817426,
      "ecosystemValueUSD": "noCalc",
      "ecosystemValueRatio (%)": null,
      "bridgedFromEthUSD": 220286187.6841119,
      "bridgedFromEthRatio (%)": 2.200646503391672,
      "combinedUSD": 310828858,
      "combinedRatio (%)": 0.03585674343233083
    }
  },
  "alt_l1": {
    "avalanche": {
      "chainTokenMcapUSD": 4951779800,
      "chainTokenMcapRatio (%)": 0.771130795842368,
      "ecosystemValueUSD": null,
      "ecosystemValueRatio (%)": 0,
      "bridgedFromEthUSD": 881258444.3554249,
      "bridgedFromEthRatio (%)": 8.803721806362825,
      "combinedUSD": 4951779800,
      "combinedRatio (%)": 0.5712297724363755
    },
    "solana": {
      "chainTokenMcapUSD": 10994310433,
      "chainTokenMcapRatio (%)": 1.712122044267263,
      "ecosystemValueUSD": 24498257241.70621,
      "ecosystemValueRatio (%)": 10.990461777258389,
      "bridgedFromEthUSD": 318705173.1109107,
      "bridgedFromEthRatio (%)": 3.1838465779121043,
      "combinedUSD": 35492567674.70621,
      "combinedRatio (%)": 4.0943685250311574
    },
    "near": {
      "chainTokenMcapUSD": 2915853515,