{
  "ethereum": {
    "ethereum": {
      "chainTokenMcapUSD": 157373296425,
      "chainTokenMcapRatio (%)": 23.913197465764053,
      "ecosystemValueUSD": 168477406223,
      "ecosystemValueRatio (%)": 73.91772280004051,
      "bridgedFromEthUSD": "noCalc",
      "bridgedFromEthRatio (%)": null,
      "combinedUSD": 325850702648,
      "combinedRatio (%)": 36.70147662839726
    }
  },
  "layer2": {
    "arbitrum": {
      "chainTokenMcapUSD": "none",
      "chainTokenMcapRatio (%)": null,
      "ecosystemValueUSD": 2304246568,
      "ecosystemValueRatio (%)": 1.0109643951363048,
      "bridgedFromEthUSD": 2205708525.6888347,
      "bridgedFromEthRatio (%)": 28.007567616797424,
      "combinedUSD": 2304246568,
      "combinedRatio (%)": 0.25953374006645147
    },
    "optimism": {
      "chainTokenMcapUSD": 196149739,
      "chainTokenMcapRatio (%)": 0.02980535801256779,
      "ecosystemValueUSD": 961330757,
      "ecosystemValueRatio (%)": 0.42177394588461026,
      "bridgedFromEthUSD": 1159467399.416194,
      "bridgedFromEthRatio (%)": 14.722644089377063,
      "combinedUSD": 2316947895.416194,
      "combinedRatio (%)": 0.26096432612174264
    },
    "zkSync": {
      "chainTokenMcapUSD": "none",
      "chainTokenMcapRatio (%)": null,
      "ecosystemValueUSD": "none",
      "ecosystemValueRatio (%)": null,
      "bridgedFromEthUSD": 50967761.26732552,
      "bridgedFromEthRatio (%)": 0.6471766343314154,
      "combinedUSD": 50967761.26732552,
      "combinedRatio (%)": 0.005740641599828571
    },
    "dYdX": {
      "chainTokenMcapUSD": 155773476,
      "chainTokenMcapRatio (%)": 0.023670101447558576,
      "ecosystemValueUSD": "none",
      "ecosystemValueRatio (%)": null,
      "bridgedFromEthUSD": 417084604.603246,
      "bridgedFromEthRatio (%)": 5.296042124016605,
      "combinedUSD": 572858080.603246,
      "combinedRatio (%)": 0.06452260893038646
    },
    "loopring": {
      "chainTokenMcapUSD": 368811124,
      "chainTokenMcapRatio (%)": 0.0560416121167387,
      "ecosystemValueUSD": "noCalc",
      "ecosystemValueRatio (%)": null,
      "bridgedFromEthUSD": 139030129.6614157,
      "bridgedFromEthRatio (%)": 1.7653718575749549,
      "combinedUSD": 368811124,
      "combinedRatio (%)": 0.04154022912266384
    },
    "immutableX": {
      "chainTokenMcapUSD": 172663427,
      "chainTokenMcapRatio (%)": 0.02623656439028891,
      "ecosystemValueUSD": "noCalc",
      "ecosystemValueRatio (%)": null,
      "bridgedFromEthUSD": 61380417.85627015,
      "bridgedFromEthRatio (%)": 0.779394096470608,
      "combinedUSD": 172663427,
      "combinedRatio (%)": 0.019447565032459112
    },
    "deversiFi": {
      "chainTokenMcapUSD": 10811457,
      "chainTokenMcapRatio (%)": 0.0016428232235500561,
      "ecosystemValueUSD": "noCalc",
      "ecosystemValueRatio (%)": null,
      "bridgedFromEthUSD": 22121098.066496972,
      "bridgedFromEthRatio (%)": 0.280888495755229,
      "combinedUSD": 32932555.066496972,
      "combinedRatio (%)": 0.0037092858485934066
    },
    "sorare": {
      "chainTokenMcapUSD": "none",
      "chainTokenMcapRatio (%)": null,
      "ecosystemValueUSD": "none",
      "ecosystemValueRatio (%)": null,
      "bridgedFromEthUSD": 19317957.48482478,
      "bridgedFromEthRatio (%)": 0.24529487653210222,
      "combinedUSD": 19317957.48482478,
      "combinedRatio (%)": 0.0021758356185088935
    },
    "aztec": {
      "chainTokenMcapUSD": "none",
      "chainTokenMcapRatio (%)": null,
      "ecosystemValueUSD": "none",
      "ecosystemValueRatio (%)": null,
      "bridgedFromEthUSD": 2956147.0702325087,
      "bridgedFromEthRatio (%)": 0.03753645959584717,
      "combinedUSD": 2956147.0702325087,
      "combinedRatio (%)": 0.0003329591181684364
    },
    "OMG": {
      "chainTokenMcapUSD": 238984641,
      "chainTokenMcapRatio (%)": 0.0363142098522496,
      "ecosystemValueUSD": "noCalc",
      "ecosystemValueRatio (%)": null,
      "bridgedFromEthUSD": 3029898.9253868163,
      "bridgedFromEthRatio (%)": 0.03847294329078753,
      "combinedUSD": 238984641,
      "combinedRatio (%)": 0.02691750898472781
    },
    "starknet": {
      "chainTokenMcapUSD": "none",
      "chainTokenMcapRatio (%)": null,
      "ecosystemValueUSD": "none",
      "ecosystemValueRatio (%)": null,
      "bridgedFromEthUSD": 1085139.368622967,
      "bridgedFromEthRatio (%)": 0.013778844251810318,
      "combinedUSD": 1085139.368622967,
      "combinedRatio (%)": 0.00012222228417009686
    },
    "polygonHermez": {
      "chainTokenMcapUSD": "none",
      "chainTokenMcapRatio (%)": null,
      "ecosystemValueUSD": "none",
      "ecosystemValueRatio (%)": null,
      "bridgedFromEthUSD": 298833.07747366105,
      "bridgedFromEthRatio (%)": 0.0037945120699324642,
      "combinedUSD": 298833.07747366105,
      "combinedRatio (%)": 0.00003365840588823084
    },
    "metisAndromeda": {
      "chainTokenMcapUSD": 103496113,
      "chainTokenMcapRatio (%)": 0.015726448154357073,
      "ecosystemValueUSD": "noCalc",
      "ecosystemValueRatio (%)": null,
      "bridgedFromEthUSD": 113449944.2238648,
      "bridgedFromEthRatio (%)": 1.440560684680439,
      "combinedUSD": 216946057.2238648,
      "combinedRatio (%)": 0.024435241612554736
    },
    "bobaNetwork": {
      "chainTokenMcapUSD": 99155247,
      "chainTokenMcapRatio (%)": 0.015066844599062091,
      "ecosystemValueUSD": "noCalc",
      "ecosystemValueRatio (%)": null,
      "bridgedFromEthUSD": 27563643.693738643,
      "bridgedFromEthRatio (%)": 0.34999665890877724,
      "combinedUSD": 99155247,
      "combinedRatio (%)": 0.011168132984769532
    },
    "ZKSpace": {
      "chainTokenMcapUSD": "none",
      "chainTokenMcapRatio (%)": null,
      "ecosystemValueUSD": "none",
      "ecosystemValueRatio (%)": null,
      "bridgedFromEthUSD": 26222950.988138624,
      "bridgedFromEthRatio (%)": 0.3329728585434442,
      "combinedUSD": 26222950.988138624,
      "combinedRatio (%)": 0.0029535643624449422
    }
  },
  "sidechain": {
    "polygon": {
      "chainTokenMcapUSD": 5534013864,
      "chainTokenMcapRatio (%)": 0.8409048378240955,
      "ecosystemValueUSD": 4389636642,
      "ecosystemValueRatio (%)": 1.9259077627701557,
      "bridgedFromEthUSD": 2165591056.436743,
      "bridgedFromEthRatio (%)": 27.498165436225147,
      "combinedUSD": 9923650506,
      "combinedRatio (%)": 1.1177285307491944
    },
    "ronin": {
      "chainTokenMcapUSD": "none",
      "chainTokenMcapRatio (%)": null,
      "ecosystemValueUSD": "none",
      "ecosystemValueRatio (%)": null,
      "bridgedFromEthUSD": 14714.851931,
      "bridgedFromEthRatio (%)": 0.00018684572581952494,
      "combinedUSD": 14714.851931,
      "combinedRatio (%)": 0.000001657374956835121
    },
    "gnosisChain": {
      "chainTokenMcapUSD": 312397461,
      "chainTokenMcapRatio (%)": 0.04746943949449856,
      "ecosystemValueUSD": "noCalc",
      "ecosystemValueRatio (%)": null,
      "bridgedFromEthUSD": 211709514.08942604,
      "bridgedFromEthRatio (%)": 2.688237571701445,
      "combinedUSD": 312397461,
      "combinedRatio (%)": 0.03518620036872435
    }
  },
  "alt_l1": {
    "avalanche": {
      "chainTokenMcapUSD": 5144008398,
      "chainTokenMcapRatio (%)": 0.7816427016609251,
      "ecosystemValueUSD": 3379402181,
      "ecosystemValueRatio (%)": 1.4826778215850092,
      "bridgedFromEthUSD": 593652539.7094963,
      "bridgedFromEthRatio (%)": 7.538060198413913,
      "combinedUSD": 8523410579,
      "combinedRatio (%)": 0.9600155887873838
    },
    "solana": {
      "chainTokenMcapUSD": 11542918554,
      "chainTokenMcapRatio (%)": 1.753970317604559,
      "ecosystemValueUSD": 24497534032.547462,
      "ecosystemValueRatio (%)": 10.748040170475969,
      "bridgedFromEthUSD": 54792239.64082956,
      "bridgedFromEthRatio (%)": 0.6957389604036884,
      "combinedUSD": 36040452586.54746,
      "combinedRatio (%)": 4.059337044643166
    },
    "near": {
      "chainTokenMcapUSD": 2884715952,