{"LINK":467099970.5305637,"BNB":16579517.05525335,"BUSD":17547224379.459255,"DAI":5433157760.502395,"SHIB":549063278876301.94,"THETA":1000000000,"WBTC":237093.51738981,"MATIC":8006803852.62,"OKB":60000000,"CRO":25263013692,"XCN":708506519.70911,"FRAX":1177827326.530852,"MANA":1849216540.8482091,"GALA":6977205435.999999,"TUSD":462679211.97,"KCS":98379860.95,"AAVE":13915773.71868821,"QNT":12072738,"GRT":6900000000,"HT":154409022.25441208,"BAT":1497691558.0663347,"FTM":2138153790.5899346,"PAXG":272939.664,"CHZ":6000378770.547273,"ZIL":146318555.0852996,"LRC":1330088529.837908,"ENJ":895399955.567558,"AMP":42227702186,"CEL":238863519.826,"UNI":734135450.7457277,"NEXO":560000011,"1INCH":558875959.2546088,"XDCE":399700824,"COMP":7157897.95811505,"GNO":2579588,"SRM":261000003,"LDO":312951153.95865756,"IOTX":9540779324.30788,"NXM":6514822.66975694,"ZRX":847496054.8027713,"OMG":140245398.24513277,"IOST":18588745668,"CEEK":803717779.245471,"WAX":1850000000,"YFI":36637.72122588,"DYDX":65569295,"SXP":285368788.73913497,"CHSB":1000000000,"MXC":2642132373,"RPL":10279742.404181,"LPT":24126246.39634766,"SUSHI":127244442.99999999,"ENS":20244862.09054775,"UMA":67110738.61150387,"POLY":898760829.67,"GUSD":168519882.79,"BAL":40808048.65700605,"KNC":0,"RNDR":253798859.69384697,"RSR":18451655211,"EURS":124125940,"ORBS":2876767038.89,"SNT":3470483788,"HUSD":81345034.89737865,"CET":708633582.211935,"KEEP":793457834.6788684,"OXT":690690083.7746798,"DAWN":73464266.09522189,"NKN":700000000,"ANT":39609522.80952381,"STORJ":397621911.92489207,"NMR":5888503.64405066,"CHR":562296409.423021,"sUSD":75282125.12508538,"renBTC":3293.43266116,"POWR":485339139.6893699,"SPELL":94458109758.29646,"CELR":7068599478.398,"DENT":99007791202.73587,"XYO":12844821265.9205,"INJ":65005554.330000006,"MTL":66588888,"FUN":10962808529.398026,"ILV":650861.11822608,"RGT":12471922.636604467,"STMX":10000000000,"OCEAN":613099140.9978136,"RLC":80999784.9868455,"TRAC":365217722.0349124,"MASK":29130722.72384565,"QKC":6399906497,"TRIBE":453448622,"UQC":10000000,"BFC":1070413399,"ACH":4710928000.496493,"VERI":2149646.44,"TRU":0,"BAND":35191821,"KP3R":200001,"FET":746113681,"ADS":11477502.513782658,"ALPHA":446330126,"AERGO":407499999.7589212,"DUSK":408078541.7263251,"DODO":110551965,"PRO":82050199.99999999,"IDEX":661894695.1889184,"POND":3906753055,"USDK":28600072,"CQT":254842989.34659487,"ALICE":30600000.000000004,"PRE":396578435,"MLN":2070210.709994862,"RISE":199858538.40999997,"GTC":14198201.72566192,"MFT":10000000000,"LCX":757851119.326629,"DIA":80575573,"NCT":1546457129.5096478,"RFR":4999180100,"TRB":1703441.75593047,"wNXM":1676964,"HOPR":212755995,"CTXC":197424201.46875,"UPP":459834801.2862929,"KIN":1887204746104.6094,"BOND":6955232.642929161,"OM":494226716.9281248,"KEY":0,"BZRX":489189653.3725465,"CXO":207558157.3498277,"LOC":0,"RARI":8901111.35268608,"PRQ":164750031.77939,"BTM":1407000000,"GET":33368773.40000017,"FRONT":94956250.00000001,"SWFTC":4004999998.9999995,"QSP":713801946.7046682,"KRL":38386598,"MDT":676157012.5,"LON":44559364.7163315,"GRID":39236491,"NGC":0,"PNK":628497356.1138606,"ULT":2836429508.7869,"FSN":57344000,"FUSE":55045523.243774004,"PLU":1851999.5,"SDT":708603.9999999999,"DOCK":772206436.580971,"UFT":31052564.34812442,"QRL":65000000,"GTO":770236879.20298,"AST":150000000,"CRPT":81324094.85901552,"RHOC":666856420.241016,"PNT":87975228.70964085,"YCC":0,"ABT":98554305.44029327,"STACK":0,"CAS":819528005.1,"STAKE":8457229.92930038,"MTA":51608791.96151543,"BTU":90514215.66574915,"KAN":9541143123.362738,"CARD":2357982917.3006086,"RBC":109000000.00000001,"TCT":817902279.4440348,"PAID":83070175,"WTC":70000000,"ZB":463288810,"VSP":8708072.2953682,"AMB":361477437.5357014,"BRD":88862717.99999999,"HEGIC":703727349.1958504,"ORAI":2044424,"PENDLE":158173093.18078634,"VEE":3471554077.5594096,"AWC":10603658.692008,"SPI":969786.96030945,"PPT":53252245.994389646,"SFI":91321.25709674,"MITx":494999999.2358,"NOW":84558980.23334938,"FCL":16595270.91428571,"ELI":245278437.79,"SNC":122707502.69296218,"DSLA":5455589071.696073,"NDX":854801,"DHT":28792706.30968308,"JRT":29005880.1893,"COV":16886825.21152613,"MCB":1854177.5545493,"RDN":66793930.996513784,"PAI":1605488078.9700427,"LAToken":380105462,"LAMB":1646414197.7241733,"TAU":142215728.19,"VLD":369021636.7766766,"BAX":49853700000.003334,"SOC":1499999999.6973062,"MET":14077847.06773445,"PSP":72891000,"EDEN":13232627.17417991,"MDA":19628888,"OAX":77045250.57684319,"MOC":379623955.63000005,"BIX":85430525.27,"GHOST":13573415,"ABL":0,"EDG":132046997,"RCN":508404745.75,"ARMOR":175417558.91219607,"INSTAR":196753507.9,"DAX":354666701.5562,"RUFF":980500000,"EGT":4218701581.8676558,"AMLT":392735242.5605043,"STAK":23858907.000004,"YOU":556120198.410192,"TFL":6247267,"ARCONA":15181707.01308545,"SWT":8536072.88358716,"INT":37318006.144874,"DGX":28700,"CND":2000000004.6069422,"USDC":40596646846.96955,"USDT":32297366521.996887,"BTT":990000000000,"SNX":114841533.01197928,"OHM":0,"OGN":388570732.54,"SYN":0,"TEL":61728700557.95999,"ELF":544480199.9864658,"INSUR":44891926,"BPT":57904773.44943661,"ICE":0,"MFG":371718683.9089087,"IMX":100000000,"SENT":1999970000,"VIN":590108901,"stETH":4335358.8958701,"WFIL":2470.95726418452,"cUSDC":31364560916.466236,"HBTC":12969.497004742001,"USDD":123017920.07030855,"cETH":16419920.16355323,"cDAI":20898130227.560215,"BIT":1075406778.1407099,"XAUt":246524.33,"WOO":1151845987.00578,"MIM":1816116749.8172727,"NFT":109484105186.67682,"ELON":548480389940162.56,"PLTC":114099391.44845,"PUNDIX":258456915.099924,"AURORA":70657073,"PROM":18250000,"XSGD":63339641.461568,"AUTO":701373552,"RBN":490155769.045314,"OUSD":41930856.33042,"BOBA":302629562.624556,"FLOKI":9317941239210.73,"aETHc":55394.2985281167,"AIOZ":355412266,"BETA":535333333,"COCOS":67340637,"ATA":286307835.71428573,"BMC":100000000,"XPR":10000000000,"HOO":82430424.1,"TORN":1511065.7789594182,"LIT":100000000,"IDRT":35316359834,"RSV":28222699.79298259,"DG":573294053.077618,"MATH":156232875.95,"LEND":36269641.12668522,"BTRFLY":138650.906884735,"WXT":2300499975,"OVR":27176796,"CUBE":100000000,"QANX":2202653594.219,"FEG":41589389960989130,"xDG":334698534.268867,"ROUTE":7790619.047,"INST":17946349.812,"DEXT":105971260.72404282,"HOGE":415202711786.96796,"CIV":298101824,"BEPRO":9484991105.589235,"RADAR":48941069.23,"VISR":29999306.444252018,"OCC":24710518.52483993,"UNCX":36163,"NUM":206736650,"SWISE":156582131.989779,"COIN":34582367.07964691,"GEL":17269700.709905833,"SATT":4249548558.6229777,"SIS":17294050,"OS":738326.9608433644,"STOS":27012647,"XED":90000000,"PKF":41801077.677736185,"ANGLE":188511494.09927586,"HOP":42330779.64621121,"GOVI":15439655,"BiFi":378448194.445519,"AWX":3342477.64713739,"PBR":64758713.267901,"DIVER":124620335.29773642,"TEN":27849133.78243449,"XFT":5969500,"GEEQ":32855558,"eRSDL":377027905.69047374,"SALT":80283615.21092688,"IOI":10218819.599,"PNODE":184726190,"VSF":8144932639.908463,"DEFIT":28142227.97855,"DEC":108768533.45027654,"UDO":77155315,"ODDZ":65869994,"STND":27995410.869016,"STRP":3709296.933677349,"FIN":128115903.01781999,"USDP":2901794.96191789}